signal,param,value,arch,rmse_o1_g_mean,rmse_o1_g_std,rmse_ref_g_mean,rmse_ref_g_std,rmse_ref_o1_mean,rmse_ref_o1_std,mean_amp_corr_mean,mean_amp_corr_std,mean_freq_corr_mean,mean_freq_corr_std,mean_plv_mean,mean_plv_std,mean_phase_deg_mean,mean_phase_deg_std,conv_threshold_time_s_mean,conv_threshold_time_s_std,conv_settle_time_s_mean,conv_settle_time_s_std,conv_reached_threshold_mean,conv_reached_threshold_std,steady_err_o1_g_mean,steady_err_o1_g_std,sim_time_s_mean,sim_time_s_std,sim_python_peak_mem_mb_mean,sim_python_peak_mem_mb_std,sim_rss_peak_delta_mb_mean,sim_rss_peak_delta_mb_std
oscillator,cue_end,0.1,PC-EC,0.021710756155822315,0.008740341289460045,0.6994986059171243,0.401330275485687,0.6975317762921078,0.3972851148210666,0.8958174286921041,0.3160154873501246,0.808570271646466,0.3913083281983094,0.9282366704901703,0.2268072480328846,7.4378916360751575,16.19773417824746,1.2410999999999999,0.4944382783635498,1.4531,0.8454869011404021,1.0,0.0,0.03112265078316795,0.012909415348259356,4.520609075799802,0.2783876949642141,16.512433815002442,1.00561024719748,1.788671875,3.772779863651844
oscillator,cue_end,0.1,PC-SC,0.027969614537341862,0.016526336852354915,0.7004557194387443,0.40200736527026243,0.6975317762921078,0.3972851148210666,0.8930285995596824,0.3207418317817499,0.8140850309132374,0.3707556223300488,0.9144188323074456,0.2704230737299301,6.8286513502780455,12.341427507525506,1.0811666666666666,0.006882344561751273,1.4408,0.8323166865242261,0.6,0.5163977794943222,0.03998061564718462,0.023488371163531384,6.47758957110018,0.4254180811254152,23.0545862197876,1.6792687950467862,1.611328125,2.9852680603224457
oscillator,cue_end,1.0,PC-EC,0.028832053933905845,0.00904802008846171,0.6963096914483705,0.28640768380513726,0.6783226483361381,0.2956842154072746,0.9945610619581171,0.004482081264965378,0.8987873407778869,0.298913274326769,0.9999455137256191,6.200902068423354e-05,2.339116231321127,0.5574776785854738,2.8561111111111113,5.3118407695554195,1.4974,1.2735720718601766,0.9,0.31622776601683794,0.04071883376598988,0.012830240426054258,4.393873780900321,0.20925384182593834,16.574876594543458,0.5941597955883753,0.87421875,2.7645224232253254
oscillator,cue_end,1.0,PC-SC,0.0340079449975199,0.013171971824433346,0.6976868685452791,0.2872359464493743,0.6783226483361381,0.2956842154072746,0.992727031222128,0.005344952334294746,0.8956229258846117,0.2978577135453246,0.9999355433757131,6.102607498548265e-05,2.830252250386656,1.291846724692678,5.451833333333334,10.708271782443079,1.4891,1.263135556198674,0.6,0.5163977794943222,0.047970312240515664,0.018272715802132303,6.596294188100728,0.40331558181610055,23.120070934295654,1.2883071699768471,0.7875,1.9337074707018806
oscillator,cue_end,2.0,PC-EC,0.028834648853964397,0.009088150278980118,0.6604662792102646,0.30635222736162177,0.6428878280011592,0.3159322125443574,0.9949843543951399,0.003687430510438323,0.9041508007877027,0.28118807357526077,0.9999337422065755,7.194128172545435e-05,2.3400032629710488,0.5586227367613927,2.295666666666667,3.6301365332449964,1.7169,1.4428496841705694,0.9,0.31622776601683794,0.04075898640216365,0.012882414410000782,4.697640431100081,0.33487930852947556,16.57041006088257,0.5915838124664542,0.931640625,2.9461063357428063
oscillator,cue_end,2.0,PC-SC,0.033957837686559855,0.012990972893220888,0.6616948030968711,0.306459631774756,0.6428878280011592,0.3159322125443574,0.9932141787489931,0.004631923836824419,0.9011488693759138,0.28044641429836475,0.9999226771430898,7.771805184334013e-05,2.8310656175929734,1.2894417571264167,5.897333333333333,11.799519391342457,1.7178,1.457974378680534,0.6,0.5163977794943222,0.047955076444570574,0.018083857402873563,6.440320213200539,0.37325333321735005,23.121029090881347,1.2779769635315679,0.786328125,2.039370993918346
oscillator,cue_end,3.0,PC-EC,0.028902307514454627,0.008967233379693582,0.6320123351603657,0.2754980657368718,0.6139223122203786,0.28484958330990096,0.9948065573382923,0.004545615631853464,0.8990282033729373,0.2990847009587457,0.9999498864929682,5.093312448291688e-05,2.340829059621094,0.5586944709340104,3.637666666666667,7.656130468454676,2.0768,2.4277225633182313,0.9,0.31622776601683794,0.04074356719512094,0.012885649747637297,4.334014464900247,0.16152414728262457,16.563572692871094,0.5926132757649802,0.885546875,2.800345099844421
oscillator,cue_end,3.0,PC-SC,0.03422325814458109,0.01365995782994309,0.6341691336430534,0.2771376120505687,0.6139223122203786,0.28484958330990096,0.9937786734636196,0.004313471877263927,0.8947047352510091,0.29804451188573494,0.9999411878594284,4.409276692565485e-05,2.835485198880126,1.3039929644563104,5.888833333333334,11.778698729769205,2.0733,2.4341197382216015,0.6,0.5163977794943222,0.047969107441203286,0.01822131525165145,6.581156263999583,0.417383624965592,23.100587177276612,1.2605884880840652,0.79921875,1.9315099075602673
oscillator,cue_end,4.0,PC-EC,0.028864398230571037,0.008991022870283874,0.6201670382252976,0.271974202927017,0.602316644169199,0.28133259153757206,0.9947693912885562,0.00470818890509602,0.811011604414794,0.3833311621284182,0.9999326674203992,7.517048842588223e-05,2.338729673826231,0.55928397160905,2.9661111111111116,5.641465754669714,2.0948,2.2860443662458616,0.9,0.31622776601683794,0.04071182531939517,0.012827323891287778,4.99423044849973,0.4441665208557375,16.582417678833007,0.5805543679505124,0.973828125,3.0795149245311597
oscillator,cue_end,4.0,PC-SC,0.0341122151245427,0.013400121988062808,0.6218144670804915,0.27306566631208706,0.602316644169199,0.28133259153757206,0.9935019689059066,0.004674032236597852,0.8076488533360596,0.38110372796943065,0.9999163211650396,8.399636722382905e-05,2.832188984624685,1.2990237088221934,5.8455,11.672554180641013,2.0899,2.2877852681869717,0.6,0.5163977794943222,0.0479738194942043,0.018297757965452174,6.880469014299888,0.5338156936044981,23.120667743682862,1.2634992460528485,0.687890625,1.9274655184786174
oscillator,cue_end,5.0,PC-EC,0.028909594586115705,0.008845273060154342,0.589025045066802,0.2510973516202877,0.5710502658065555,0.2600146646062001,0.9953668124043389,0.00338807511139077,0.8110018783770627,0.383774816233522,0.9999409012032394,5.26712106187546e-05,2.3398021075500965,0.5567468878607125,1.6105555555555557,1.574818252300175,2.4111000000000002,3.0063847410321776,0.9,0.31622776601683794,0.040744510387032924,0.012806527779381172,4.702486336500442,0.2997583847822827,16.581296825408934,0.593960595562098,0.250390625,0.35662087214831234
oscillator,cue_end,5.0,PC-SC,0.03433133192438569,0.01397352751186845,0.5914367269408718,0.252746262920069,0.5710502658065555,0.2600146646062001,0.9945250761212628,0.003097159548705135,0.8060712087412337,0.38144207581160033,0.9999224292612119,7.60463387517973e-05,2.8361399676971564,1.3116191138470972,5.7811666666666675,11.514970350229595,2.3945,2.974045103521091,0.6,0.5163977794943222,0.04807179203363221,0.018537007025147014,6.776602654400631,0.4726751296500465,23.113914585113527,1.2688599905563474,2.23984375,1.1810695431861806
oscillator,cue_end,10.0,PC-EC,0.0288831640331092,0.008858841944936344,0.5067280978901926,0.23430656798873353,0.4883222466510525,0.2426497845911228,0.9960688333283991,0.002760687957586665,0.9950104851335213,0.004656528982779112,0.9999442013168812,5.2309051737843614e-05,2.3346142273934047,0.5558370512278304,3.6327777777777777,7.641463812283905,3.2792000000000003,4.695083168119129,0.9,0.31622776601683794,0.040760590387143567,0.012839796010321708,4.577332855900022,0.13831742226609287,15.940936088562012,0.5755278188564151,0.89296875,2.8238151293534828
oscillator,cue_end,10.0,PC-SC,0.034229535791518724,0.013674452493487985,0.5093683337596676,0.23676455056754442,0.4883222466510525,0.2426497845911228,0.9951515374524791,0.0027055363215866502,0.9895689198849149,0.01898818333118757,0.9999323730728784,4.542728324704071e-05,2.829428536801621,1.3080014263970432,5.866666666666667,11.724401710393016,3.272,4.692330243185268,0.6,0.5163977794943222,0.04804395840915239,0.01839202452774863,6.644101342999784,0.3955790790355021,22.48590497970581,1.2677565391135754,0.6890625,1.6811294682630782
oscillator,cue_end,20.0,PC-EC,0.02899491154227641,0.008746322823019341,0.26516734327528607,0.11430216575890734,0.24643729846773157,0.12059001054042365,0.9970260278116617,0.0018011522517696933,0.9961938282998053,0.0031139322552794085,0.9998343155966891,0.00012096434885150465,2.3125867211604527,0.5472404419248229,3.2776666666666667,6.5761313665406655,1.0933,0.022191339652115546,0.9,0.31622776601683794,0.04104447028372628,0.012246808746214631,4.7403937402003065,0.5356032120628917,14.657046699523926,0.5586240792931909,0.873828125,2.763287158514322
oscillator,cue_end,20.0,PC-SC,0.0345694487432508,0.014390136681518928,0.2692995034107681,0.11666563575951279,0.24643729846773157,0.12059001054042365,0.9960934650711266,0.0017934558866248662,0.8076413968193925,0.3985310373102236,0.9997107170327604,0.0003137656955210376,2.808234067159522,1.307232855046563,5.5055000000000005,10.83972772259525,1.0873000000000002,0.028429444829847262,0.6,0.5163977794943222,0.048969036803275634,0.020475918957108714,6.598806448100367,0.35300853227600437,21.196995735168457,1.2379365473134991,0.45,0.9486832980505138
oscillator,eta,1e-05,PC-EC,0.6577990020154798,0.061886555620481155,0.7540030093419657,0.05492486567011296,0.5710502658065555,0.2600146646062001,0.20758380287324424,0.33006202115385525,-0.05036863792988251,0.3687546530695276,0.9922747290707296,0.004070525573924021,74.20508580330628,2.9173946599027603,,,1.6996000000000002,3.7033705728700714,0.0,0.0,0.9119634981471549,0.09664359324893318,4.999593334200108,0.36733605177041334,17.66712369918823,0.6971418404316547,7.156640625,14.235348128716677
oscillator,eta,1e-05,PC-SC,0.662824718165124,0.05685764031545777,0.7508383170156995,0.053835189617188334,0.5710502658065555,0.2600146646062001,0.2265650176740866,0.3306353005136662,-0.0014807618364307829,0.3557532842271203,0.9929210915636787,0.004209309824335388,76.19679724642859,3.0433074677125997,,,1.6005000000000003,3.4503015407674478,0.0,0.0,0.9211468216559888,0.08663506350845876,6.87551872580043,0.33339051161270283,25.704475784301756,1.2448720395761956,11.6109375,10.446028637515308
oscillator,eta,0.0001,PC-EC,0.2979815224829454,0.07028066314306497,0.7290953893409113,0.18003923222607174,0.5710502658065555,0.2600146646062001,0.8273821216389626,0.09316824337037113,0.03711787204385983,0.7443601544480726,0.9981971539402554,0.0013145266060238438,25.59726854587246,4.692974196163571,,,2.0845,3.526727291539408,0.0,0.0,0.4157162313739753,0.10078916299284504,4.631706850299816,0.30108934727450865,17.407762241363525,0.6432650703988565,1.464453125,0.307608472374341
oscillator,eta,0.0001,PC-SC,0.3243992176734754,0.08024259472635124,0.7289264991027078,0.18059896968489905,0.5710502658065555,0.2600146646062001,0.8046180232438334,0.10463747513605806,0.022868716843152358,0.7196376407473175,0.9981631446988641,0.0011691348770857095,28.6094774994122,8.564948654947678,,,2.1451000000000002,3.760653916246186,0.0,0.0,0.4496564064072411,0.1048617463432696,6.801523306399758,0.3581117877660551,24.355667781829833,1.063053392039278,5.7734375,0.6337521958172019
oscillator,eta,0.001,PC-EC,0.028909594586115705,0.008845273060154342,0.589025045066802,0.2510973516202877,0.5710502658065555,0.2600146646062001,0.9953668124043389,0.00338807511139077,0.8110018783770627,0.383774816233522,0.9999409012032394,5.26712106187546e-05,2.3398021075500965,0.5567468878607125,1.6105555555555557,1.574818252300175,2.4111000000000002,3.0063847410321776,0.9,0.31622776601683794,0.040744510387032924,0.012806527779381172,4.702486336500442,0.2997583847822827,16.581296825408934,0.593960595562098,0.250390625,0.35662087214831234
oscillator,eta,0.001,PC-SC,0.03433133192438569,0.01397352751186845,0.5914367269408718,0.252746262920069,0.5710502658065555,0.2600146646062001,0.9945250761212628,0.003097159548705135,0.8060712087412337,0.38144207581160033,0.9999224292612119,7.60463387517973e-05,2.8361399676971564,1.3116191138470972,5.7811666666666675,11.514970350229595,2.3945,2.974045103521091,0.6,0.5163977794943222,0.04807179203363221,0.018537007025147014,6.776602654400631,0.4726751296500465,23.113914585113527,1.2688599905563474,2.23984375,1.1810695431861806
oscillator,eta,0.01,PC-EC,inf,,inf,,0.5710502658065555,0.2600146646062001,0.0701051368242929,0.3273575673493775,0.12115981221107668,0.3130880422653423,0.1574379577926655,0.30418593815826017,35.26191100038387,47.34850699621167,19.55625,11.908679870161931,13.9288,14.073034686551756,0.4,0.5163977794943222,inf,,4.8485472324005965,0.4125983097387147,17.589623355865477,1.1005709998550208,0.069140625,0.11337923803216123
oscillator,eta,0.01,PC-SC,inf,,inf,,0.5710502658065555,0.2600146646062001,0.10463245505816768,0.49374432729554824,0.22578822525782064,0.42223084141658956,0.2124483097082436,0.4151147217165532,77.28105251689347,68.92328825156456,11.09975,11.39793070035083,16.714199999999998,14.360487408936446,0.4,0.5163977794943222,inf,,6.78279954699974,0.20931729092050122,22.97876501083374,1.3848206421016973,0.913671875,0.6227347458102229
oscillator,eta,0.1,PC-EC,,,,,0.5710502658065555,0.2600146646062001,,,,,,,,,2.3311,0.23595642253037605,0.0,0.0,1.0,0.0,,,4.938602656099829,0.22738075789415124,10.771797847747802,0.43797213617970654,0.0,0.0
oscillator,eta,0.1,PC-SC,,,,,0.5710502658065555,0.2600146646062001,,,,,,,,,2.8269,0.7075872070321478,0.0,0.0,1.0,0.0,,,6.656304737699974,0.4614291900033624,16.257120609283447,0.6395628903218588,0.00078125,0.0016470196146710309
oscillator,ridge_lambda_e,1e-05,PC-EC,0.028909594586115705,0.008845273060154342,0.589025045066802,0.2510973516202877,0.5710502658065555,0.2600146646062001,0.9953668124043389,0.00338807511139077,0.8110018783770627,0.383774816233522,0.9999409012032394,5.26712106187546e-05,2.3398021075500965,0.5567468878607125,1.6105555555555557,1.574818252300175,2.4111000000000002,3.0063847410321776,0.9,0.31622776601683794,0.040744510387032924,0.012806527779381172,4.42945948770066,0.22453082332501453,16.59380121231079,0.59262272566526,0.7375,2.33217977437418
oscillator,ridge_lambda_e,1e-05,PC-SC,0.034320879535946106,0.014012670268443064,0.5914254385106718,0.25270844860714137,0.5710502658065555,0.2600146646062001,0.9945365740892841,0.00309929965448085,0.805726507177382,0.3813198570932825,0.9999227839157732,7.571168728324882e-05,2.8350688457009765,1.3139823217313558,5.7811666666666675,11.514970350229595,2.3931,2.968045988337931,0.6,0.5163977794943222,0.048057362454504135,0.0185968031414299,6.622970219999479,0.36092729320822875,23.17107515335083,1.2531981263114058,0.748828125,1.7960294375991326
oscillator,ridge_lambda_e,0.0001,PC-EC,0.028909594586115705,0.008845273060154342,0.589025045066802,0.2510973516202877,0.5710502658065555,0.2600146646062001,0.9953668124043389,0.00338807511139077,0.8110018783770627,0.383774816233522,0.9999409012032394,5.26712106187546e-05,2.3398021075500965,0.5567468878607125,1.6105555555555557,1.574818252300175,2.4111000000000002,3.0063847410321776,0.9,0.31622776601683794,0.040744510387032924,0.012806527779381172,4.677710186399781,0.2050489213650038,16.581274700164794,0.5923913915657615,0.8359375,2.6434664815470046
oscillator,ridge_lambda_e,0.0001,PC-SC,0.0343201649436692,0.014013212782242407,0.5914239840146867,0.2527116015292561,0.5710502658065555,0.2600146646062001,0.9945274685133529,0.003105969890796333,0.8056821287236406,0.38131700519514933,0.9999226762108057,7.609419064031384e-05,2.834997756744019,1.313993161668501,5.782,11.51701159155447,2.3931999999999998,2.9683277671667816,0.6,0.5163977794943222,0.04805289907574221,0.018597299713968042,6.591357619100381,0.4606070081437416,23.168905353546144,1.2499887514609154,0.762890625,2.0339292309691386
oscillator,ridge_lambda_e,0.001,PC-EC,0.028909594586115705,0.008845273060154342,0.589025045066802,0.2510973516202877,0.5710502658065555,0.2600146646062001,0.9953668124043389,0.00338807511139077,0.8110018783770627,0.383774816233522,0.9999409012032394,5.26712106187546e-05,2.3398021075500965,0.5567468878607125,1.6105555555555557,1.574818252300175,2.4111000000000002,3.0063847410321776,0.9,0.31622776601683794,0.040744510387032924,0.012806527779381172,4.55866479590004,0.309310468692506,16.584437465667726,0.5938742849846386,0.8359375,2.6434664815470046
oscillator,ridge_lambda_e,0.001,PC-SC,0.03431844945360267,0.014001912148812967,0.5914197558941394,0.2527184726615232,0.5710502658065555,0.2600146646062001,0.9945461255329292,0.0030814342274631725,0.8059057299941571,0.3814330662391648,0.9999235527651693,7.583686382411247e-05,2.8349949225461843,1.313492535001045,5.7815,11.51578684675954,2.3962,2.976784350043965,0.6,0.5163977794943222,0.048053733642216594,0.01857966580562345,6.553191011699892,0.19102868982040616,23.140963554382324,1.2461522634604527,0.850390625,2.1563601160112484
oscillator,ridge_lambda_e,0.01,PC-EC,0.028909594586115705,0.008845273060154342,0.589025045066802,0.2510973516202877,0.5710502658065555,0.2600146646062001,0.9953668124043389,0.00338807511139077,0.8110018783770627,0.383774816233522,0.9999409012032394,5.26712106187546e-05,2.3398021075500965,0.5567468878607125,1.6105555555555557,1.574818252300175,2.4111000000000002,3.0063847410321776,0.9,0.31622776601683794,0.040744510387032924,0.012806527779381172,4.702486336500442,0.2997583847822827,16.581296825408934,0.593960595562098,0.250390625,0.35662087214831234
oscillator,ridge_lambda_e,0.01,PC-SC,0.03433133192438569,0.01397352751186845,0.5914367269408718,0.252746262920069,0.5710502658065555,0.2600146646062001,0.9945250761212628,0.003097159548705135,0.8060712087412337,0.38144207581160033,0.9999224292612119,7.60463387517973e-05,2.8361399676971564,1.3116191138470972,5.7811666666666675,11.514970350229595,2.3945,2.974045103521091,0.6,0.5163977794943222,0.04807179203363221,0.018537007025147014,6.776602654400631,0.4726751296500465,23.113914585113527,1.2688599905563474,2.23984375,1.1810695431861806
oscillator,ridge_lambda_e,0.1,PC-EC,0.028909594586115705,0.008845273060154342,0.589025045066802,0.2510973516202877,0.5710502658065555,0.2600146646062001,0.9953668124043389,0.00338807511139077,0.8110018783770627,0.383774816233522,0.9999409012032394,5.26712106187546e-05,2.3398021075500965,0.5567468878607125,1.6105555555555557,1.574818252300175,2.4111000000000002,3.0063847410321776,0.9,0.31622776601683794,0.040744510387032924,0.012806527779381172,4.554735307999363,0.342399091751955,16.581336879730223,0.5887132956762845,0.801953125,2.53599845168972
oscillator,ridge_lambda_e,0.1,PC-SC,0.03432875578079198,0.013967959111378086,0.591428178147905,0.25275447493398145,0.5710502658065555,0.2600146646062001,0.9944772506792546,0.003155323477451939,0.8062762864769057,0.38137952627789823,0.9999230571710733,7.714539972531336e-05,2.8357154348774922,1.311250122488335,5.779833333333333,11.511704364109889,2.3954,2.9745286536039806,0.6,0.5163977794943222,0.04806890663928779,0.01853764568363368,6.3026916033999445,0.3585496376990909,23.09796724319458,1.2600317374112293,0.8,1.9305270820304814
oscillator,ridge_lambda_rec,1e-05,PC-EC,0.028050187374330952,0.009147309332702929,0.5929229540620502,0.5850899494597186,0.5951852438485512,0.5778865968944211,0.996811973528214,0.002590704154264252,0.9055582350673574,0.2820591377058085,0.9998949305233582,0.00014713319545213947,1.9637061765334418,0.8663933726477917,2.115375,2.911528559635201,4.9176,9.295539410563183,0.8,0.4216370213557839,0.03793494175602506,0.016405271415318657,4.609998640999402,0.34712514177287357,17.078247547149658,0.7201667761552054,1.42578125,2.819758188447982
oscillator,ridge_lambda_rec,1e-05,PC-SC,0.03476547302785865,0.018381065593952882,0.5926048895257983,0.5870517541666158,0.5951852438485512,0.5778865968944211,0.9952132223293109,0.004649378235268422,0.9016481492271551,0.28077779192384594,0.9998828580680754,0.0001119939491555128,2.5581456577607353,1.6730259225563613,1.0806,0.004037325847637292,4.9056,9.296327748094944,0.5,0.5270462766947299,0.04796928810629679,0.027847058996277537,6.526075377599772,0.48322054619745575,23.640134716033934,1.5027433015150964,1.32578125,2.2542768356280702
oscillator,ridge_lambda_rec,0.0001,PC-EC,0.027522173981488617,0.010629759829242658,0.6397440513449328,0.5602972819076193,0.6291519080606847,0.5651830497399523,0.9953567463297535,0.005296800887844147,0.9357722822842061,0.1265714619019478,0.9998622496971674,0.00028026498781297244,1.9449871362405595,0.9218782093498076,1.74075,1.8519384246166037,4.6188,9.143645502023068,0.8,0.4216370213557839,0.03820172194953587,0.016410361569491248,4.631288162699638,0.28852755174964423,17.050596141815184,0.6880336086359576,1.07421875,2.2646519701726677
oscillator,ridge_lambda_rec,0.0001,PC-SC,0.0344135731041179,0.01929935426179928,0.647492592464143,0.5549713223866676,0.6291519080606847,0.5651830497399523,0.9932409601036266,0.0073479565858899695,0.9300448787839821,0.1330314118707117,0.9998114671033467,0.0003257113064837665,2.5349588317534453,1.672264331794789,1.0806,0.004037325847637292,4.603,9.144298344991935,0.5,0.5270462766947299,0.04816917062995745,0.02803404256151369,6.378403151900784,0.3170414015556054,23.61466751098633,1.4690873669054483,1.9,2.7866300326773015
oscillator,ridge_lambda_rec,0.001,PC-EC,0.026308590091378037,0.011652433653351982,0.4966299062744409,0.43535133596285513,0.4868697001661185,0.43829000008295704,0.9937562696912794,0.005823214814634543,0.890436589937597,0.1668095512342021,0.9333915406162587,0.2103752738073989,4.176115996310459,5.973421236153303,1.5644444444444445,1.4364874791580253,1.6332999999999998,1.7185342624199005,0.9,0.31622776601683794,0.037219171832243166,0.016560266100846394,4.533434667000256,0.2780451266471309,16.787456798553468,0.6700643873746795,1.375,2.8987545218210147
oscillator,ridge_lambda_rec,0.001,PC-SC,0.03345319683924537,0.020192245479066933,0.5047816185421274,0.4301920468635901,0.4868697001661185,0.43829000008295704,0.9917761146333159,0.007291428606751428,0.7963493513491136,0.30828069222251014,0.9314450955962943,0.216352416607198,3.2977349951095762,1.7606458819182762,1.0804,0.004335896677735769,1.6239000000000001,1.70864452125069,0.5,0.5270462766947299,0.047318839073406796,0.028566783664038326,6.539206284099782,0.38747361909341343,23.301780414581298,1.3160239411491095,1.59765625,2.7069056733940284
oscillator,ridge_lambda_rec,0.01,PC-EC,0.028909594586115705,0.008845273060154342,0.589025045066802,0.2510973516202877,0.5710502658065555,0.2600146646062001,0.9953668124043389,0.00338807511139077,0.8110018783770627,0.383774816233522,0.9999409012032394,5.26712106187546e-05,2.3398021075500965,0.5567468878607125,1.6105555555555557,1.574818252300175,2.4111000000000002,3.0063847410321776,0.9,0.31622776601683794,0.040744510387032924,0.012806527779381172,4.702486336500442,0.2997583847822827,16.581296825408934,0.593960595562098,0.250390625,0.35662087214831234
oscillator,ridge_lambda_rec,0.01,PC-SC,0.03433133192438569,0.01397352751186845,0.5914367269408718,0.252746262920069,0.5710502658065555,0.2600146646062001,0.9945250761212628,0.003097159548705135,0.8060712087412337,0.38144207581160033,0.9999224292612119,7.60463387517973e-05,2.8361399676971564,1.3116191138470972,5.7811666666666675,11.514970350229595,2.3945,2.974045103521091,0.6,0.5163977794943222,0.04807179203363221,0.018537007025147014,6.776602654400631,0.4726751296500465,23.113914585113527,1.2688599905563474,2.23984375,1.1810695431861806
oscillator,ridge_lambda_rec,0.1,PC-EC,0.02116245101826223,0.005427637547526643,0.7949935146129803,0.20540660812655867,0.7858074545978889,0.21127165322280803,0.996896613952325,0.0017944593030265019,0.9941435533652939,0.0031423745669392116,0.9999534168073565,4.45217058096498e-05,2.394490691878173,0.686331115649188,1.7780999999999998,1.6014938477697767,4.2292000000000005,2.8682994497320764,1.0,0.0,0.029644753382355803,0.00793392200542395,4.588677502600694,0.3031211666955133,16.15522985458374,0.9214062952057812,0.7375,2.33217977437418
oscillator,ridge_lambda_rec,0.1,PC-SC,0.026040081133746527,0.012662048536810725,0.7968387638646155,0.20803200891240062,0.7858074545978889,0.21127165322280803,0.9948153036938374,0.004368864992275159,0.9905347379753913,0.01085181689698936,0.9999521631266566,3.426919730819969e-05,2.8967891954529508,1.3523233590856318,2.711375,2.260517509490755,4.2299,2.867747526854095,0.8,0.4216370213557839,0.03653814484676473,0.0179185362409787,6.2495316183005345,0.4700597272042974,22.68414764404297,1.4068647162933055,0.748828125,2.0456554244844503
oscillator,tau_rc,0.005,PC-EC,0.013176164483151013,0.004219492131235395,0.7230551895767316,0.34411888411235214,0.7160526043038955,0.346349870446875,0.9976002516674374,0.002862055982548132,0.8919223525467647,0.2903077512331067,0.999943591304014,0.00013634212203444837,1.0178221424409553,0.4191766611222004,1.067,0.003651483716701085,3.8409,5.350346124836743,1.0,0.0,0.018106135934682695,0.00679622209671614,4.815124503100014,0.35027149037444066,17.748870849609375,0.7061992755845682,0.398828125,1.261205269934342
oscillator,tau_rc,0.005,PC-SC,0.01628658473875589,0.0080051922228316,0.7243644822176297,0.34241562386282265,0.7160526043038955,0.346349870446875,0.9971296471784861,0.003012189614745942,0.8919295375984113,0.2901164785852179,0.9999486184950108,9.559327218124089e-05,1.2993816375737546,0.7710814782214308,2.6387,4.966991645967518,3.8398000000000003,5.358786923258742,1.0,0.0,0.022280501170933775,0.010694402956553033,6.610226619600508,0.27348404862139886,25.444431114196778,1.48832521987082,1.404296875,3.3626756485918143
oscillator,tau_rc,0.01,PC-EC,0.020870163852880347,0.0057569765694521265,0.594417685996106,0.3446182798679776,0.5789260454878283,0.34963183586090313,0.9969516344259832,0.0027720256872626877,0.9094099245098336,0.2736375957533513,0.9999322038886056,0.0001211419430283093,1.6614663430970844,0.4929619395093748,2.4538,4.3597998883740825,3.7434,5.157316662330863,1.0,0.0,0.02724763809694669,0.011441708116605236,4.944763522500216,0.3717270721391886,17.108443832397462,0.46791948710177234,0.685546875,1.4683716198666972
oscillator,tau_rc,0.01,PC-SC,0.024967442035007437,0.009894603101085381,0.5972423619484324,0.34464656743943817,0.5789260454878283,0.34963183586090313,0.9960064578120438,0.0035452492890850635,0.9065605704999825,0.27315028197893515,0.9999326377885044,0.00010040689366147494,2.0483320092858817,1.0426707237769604,1.0803333333333334,0.011768602295939814,3.7555,5.18739650499169,0.9,0.31622776601683794,0.03385774847740182,0.015727217632759048,6.711996678900323,0.34028185600514504,23.738665962219237,1.3517643021670067,2.0375,3.780624105252599
oscillator,tau_rc,0.02,PC-EC,0.028909594586115705,0.008845273060154342,0.589025045066802,0.2510973516202877,0.5710502658065555,0.2600146646062001,0.9953668124043389,0.00338807511139077,0.8110018783770627,0.383774816233522,0.9999409012032394,5.26712106187546e-05,2.3398021075500965,0.5567468878607125,1.6105555555555557,1.574818252300175,2.4111000000000002,3.0063847410321776,0.9,0.31622776601683794,0.040744510387032924,0.012806527779381172,4.702486336500442,0.2997583847822827,16.581296825408934,0.593960595562098,0.250390625,0.35662087214831234
oscillator,tau_rc,0.02,PC-SC,0.03433133192438569,0.01397352751186845,0.5914367269408718,0.252746262920069,0.5710502658065555,0.2600146646062001,0.9945250761212628,0.003097159548705135,0.8060712087412337,0.38144207581160033,0.9999224292612119,7.60463387517973e-05,2.8361399676971564,1.3116191138470972,5.7811666666666675,11.514970350229595,2.3945,2.974045103521091,0.6,0.5163977794943222,0.04807179203363221,0.018537007025147014,6.776602654400631,0.4726751296500465,23.113914585113527,1.2688599905563474,2.23984375,1.1810695431861806
oscillator,tau_rc,0.05,PC-EC,0.036037153045648584,0.010316835163221636,0.5707076079814285,0.3692256385857612,0.5487508635209525,0.37520280505150555,0.9923207439493433,0.004929835578100216,0.8823321645226093,0.26922839340447163,0.9999148628117576,6.405201905476031e-05,2.900411824374482,0.7148137157268338,1.093,0.010271319292086977,1.0805,0.018494743998108132,0.5,0.5270462766947299,0.05126608223776202,0.015319799834169135,5.194666051800231,0.38217225822895134,16.099911403656005,0.725586806809375,0.00078125,0.001647019614671031
oscillator,tau_rc,0.05,PC-SC,0.04225180763643323,0.017079138273131185,0.5768895459248335,0.3656395952595478,0.5487508635209525,0.37520280505150555,0.9906438562842815,0.005551040863136193,0.793855003930061,0.3606780700680427,0.9998499836324821,0.00017097147221795285,3.473139092376833,1.6143795064289488,1.0932,0.009471008394041299,1.0743,0.018366938896954062,0.5,0.5270462766947299,0.060013370040187995,0.024242918043394398,6.991155874299511,0.314772621722015,22.304874324798583,1.255194805152864,0.0,0.0
oscillator,tau_ref,0.001,PC-EC,0.035841538061867885,0.01618985546998077,0.6839482024612263,0.32583883095847344,0.6689033592720267,0.33016582802979894,0.9947244315236302,0.003275906216308912,0.9054974688851353,0.2738851262779501,0.9999463908125403,3.793987881090965e-05,2.6759489471907516,0.6183283959648779,1.0938333333333334,0.009410986487434091,2.3273,2.6612742582788753,0.6,0.5163977794943222,0.05061965444071944,0.023396414165695694,4.449679764101165,0.3358924087510311,16.529002571105956,0.49001891342485154,0.0,0.0
oscillator,tau_ref,0.001,PC-SC,0.04062079360327258,0.01599017017613612,0.6873125386672096,0.32406480850710245,0.6689033592720267,0.33016582802979894,0.9928190015533112,0.004878944688460144,0.729018722575794,0.5932445651384962,0.9998616614259994,0.0002795695504067948,3.187638014531889,1.4544345393293165,1.0928,0.009833615815151572,2.3271,2.6719933653443912,0.5,0.5270462766947299,0.057207938116249926,0.02239507198720437,6.565233797600376,0.33600922209505824,22.893223094940186,1.2771803043900547,0.0,0.0
oscillator,tau_ref,0.002,PC-EC,0.028909594586115705,0.008845273060154342,0.589025045066802,0.2510973516202877,0.5710502658065555,0.2600146646062001,0.9953668124043389,0.00338807511139077,0.8110018783770627,0.383774816233522,0.9999409012032394,5.26712106187546e-05,2.3398021075500965,0.5567468878607125,1.6105555555555557,1.574818252300175,2.4111000000000002,3.0063847410321776,0.9,0.31622776601683794,0.040744510387032924,0.012806527779381172,4.702486336500442,0.2997583847822827,16.581296825408934,0.593960595562098,0.250390625,0.35662087214831234
oscillator,tau_ref,0.002,PC-SC,0.03433133192438569,0.01397352751186845,0.5914367269408718,0.252746262920069,0.5710502658065555,0.2600146646062001,0.9945250761212628,0.003097159548705135,0.8060712087412337,0.38144207581160033,0.9999224292612119,7.60463387517973e-05,2.8361399676971564,1.3116191138470972,5.7811666666666675,11.514970350229595,2.3945,2.974045103521091,0.6,0.5163977794943222,0.04807179203363221,0.018537007025147014,6.776602654400631,0.4726751296500465,23.113914585113527,1.2688599905563474,2.23984375,1.1810695431861806
oscillator,tau_ref,0.003,PC-EC,0.02318582329115796,0.006882608740849033,0.41967843693998336,0.26735516459232306,0.41346875414215906,0.2672114637501225,0.9964434854809687,0.0031595021497604963,0.8126726322313814,0.38714870932915346,0.9999160676467985,0.00011299835732023123,1.8143904874973462,0.4978697822864618,1.076,0.00667083203206324,3.0541,6.198410323981823,0.9,0.31622776601683794,0.03004684211377633,0.013386328601714514,4.595943173701016,0.2643051593320318,17.074379253387452,0.5320470220236964,0.462109375,1.4613181531168722
oscillator,tau_ref,0.003,PC-SC,0.028451536946751798,0.014178143306258446,0.4257599920065821,0.25956362807931227,0.41346875414215906,0.2672114637501225,0.994940233945591,0.004701667865455793,0.8135636074680438,0.3840798438070012,0.9998932809161669,0.00013862863035650578,2.2651763841514074,1.2274606876827565,1.079,0.010757057484009543,3.0433,6.169894093274392,0.8,0.4216370213557839,0.03842620642663463,0.022423307142778518,6.246418356200229,0.4454625899735218,23.538696384429933,1.2548240257061014,0.350390625,0.7935021254547012
oscillator,tau_ref,0.004,PC-EC,0.017722361264633512,0.00520971686955111,0.500286690033349,0.35002564961150756,0.49438993566687117,0.3519109316876541,0.997533003141671,0.001676207650702996,0.9973028930897099,0.0021374075738033863,0.9999707241176008,2.582354599201837e-05,1.388973735260469,0.41034880259023254,1.0696999999999999,0.0075136912070935735,3.9257999999999997,8.914546175275055,1.0,0.0,0.025055170423631246,0.007387416465197959,4.523806479100313,0.21804404888072332,17.4456693649292,0.5782632339419417,0.99921875,2.1139424572758863
oscillator,tau_ref,0.004,PC-SC,0.022143418632046972,0.012374350282048377,0.49854702852803284,0.3492833986166911,0.49438993566687117,0.3519109316876541,0.9958653764340133,0.00574111460161401,0.9952377376769229,0.008012037346188024,0.9999700537017215,1.7929168072454287e-05,1.7659653186952784,1.0692743108927303,1.0708888888888888,0.007507403753036836,3.9173999999999998,8.915053189845686,0.9,0.31622776601683794,0.03132757179362997,0.017564529929190643,6.259734034000212,0.27823428871421524,24.665058422088624,1.4475642759351375,2.394921875,2.802289317523812
oscillator,tau_syn,0.01,PC-EC,0.030578799887831586,0.0058199320867438524,0.9111384708861889,0.05551962858724676,0.910930662211315,0.05543422715685874,0.42537407258453364,0.41216272373821444,0.40318856842942113,0.32222221966437464,0.3580086478090564,0.2900070922702638,76.97014891366064,54.13157567002626,6.306,0.4101219330881976,17.1048,13.729512557504242,0.2,0.42163702135578396,0.0519079269222512,0.010189145069607974,4.815173217999472,0.2911329592520969,15.55397424697876,0.741356380006113,0.094140625,0.2949582333640705
oscillator,tau_syn,0.01,PC-SC,0.032113196810140035,0.008793876737770675,0.9113296321181356,0.0556333792863465,0.910930662211315,0.05543422715685874,0.42438537623321215,0.42024855348344026,0.35482857589597677,0.3310698821438006,0.3772518506014532,0.2881967012796258,69.31936240750129,53.44946535990463,6.343,0.3043501273204931,14.931900000000002,13.183243737158671,0.3,0.48304589153964794,0.05548099905392947,0.02091140669678722,7.346963292699729,0.27070979047804067,22.095726108551027,1.4817510299993246,0.09296875,0.18673709085886114
oscillator,tau_syn,0.02,PC-EC,0.025640810995297015,0.013407777559099195,0.9540207536945241,0.10829102733143438,0.9503211224904085,0.10522398988213262,0.9793086265415122,0.017543124975991732,0.857123889736157,0.24194540783041865,0.9268274943708882,0.21292077005901222,2.1374149538646674,1.0368869612104998,1.65075,1.6543379124506061,5.1583000000000006,9.025623475540193,0.8,0.4216370213557839,0.036184363094856155,0.01971666409631614,5.069587846999639,0.3989215190663923,15.93726282119751,0.7413368902553554,0.065234375,0.20628920673754664
oscillator,tau_syn,0.02,PC-SC,0.029669240437148237,0.014213560172316304,0.9544502531087662,0.1086625053804158,0.9503211224904085,0.10522398988213262,0.9778109060907723,0.018245484997553713,0.8591230813943758,0.23356045193710118,0.9267431574070659,0.21289847933235853,4.315490701653275,5.774777466513979,1.0642,0.0051185935568278116,5.161099999999999,9.068821158844798,0.5,0.5270462766947299,0.04195821442025522,0.020804232170755856,6.954275262700685,0.28989068338877716,22.478570461273193,1.3196355720470676,0.034765625,0.0841925512615815
oscillator,tau_syn,0.05,PC-EC,0.028909594586115705,0.008845273060154342,0.589025045066802,0.2510973516202877,0.5710502658065555,0.2600146646062001,0.9953668124043389,0.00338807511139077,0.8110018783770627,0.383774816233522,0.9999409012032394,5.26712106187546e-05,2.3398021075500965,0.5567468878607125,1.6105555555555557,1.574818252300175,2.4111000000000002,3.0063847410321776,0.9,0.31622776601683794,0.040744510387032924,0.012806527779381172,4.702486336500442,0.2997583847822827,16.581296825408934,0.593960595562098,0.250390625,0.35662087214831234
oscillator,tau_syn,0.05,PC-SC,0.03433133192438569,0.01397352751186845,0.5914367269408718,0.252746262920069,0.5710502658065555,0.2600146646062001,0.9945250761212628,0.003097159548705135,0.8060712087412337,0.38144207581160033,0.9999224292612119,7.60463387517973e-05,2.8361399676971564,1.3116191138470972,5.7811666666666675,11.514970350229595,2.3945,2.974045103521091,0.6,0.5163977794943222,0.04807179203363221,0.018537007025147014,6.776602654400631,0.4726751296500465,23.113914585113527,1.2688599905563474,2.23984375,1.1810695431861806
oscillator,tau_syn,0.1,PC-EC,0.031656988459419014,0.009078628489725167,0.4801607409626903,0.42696988406585973,0.46056217819202167,0.43621745580176186,0.997856873170519,0.0013776234313606821,0.807261716889086,0.40136201014984924,0.999932117298669,7.297803050198267e-05,2.2957507098674985,0.5236715173648674,1.1151666666666669,0.008750238091998827,1.1109,0.017990429554503643,0.6,0.5163977794943222,0.045148103982111686,0.013145948400047583,4.884506128499561,0.45167972522215977,17.308501052856446,0.5571832862005736,0.0,0.0
oscillator,tau_syn,0.1,PC-SC,0.03753436583633142,0.01604353923096659,0.4865576219242129,0.4236598110733646,0.46056217819202167,0.43621745580176186,0.9961622971921222,0.0043087095554475785,0.9011205317870836,0.29997548768427246,0.9999059161779353,9.523651574526779e-05,2.8016689951927605,1.343159719847248,1.112,0.005999999999999885,1.1067,0.02081692687320694,0.5,0.5270462766947299,0.053460091829244494,0.022694268967087216,7.034843920999992,0.4370340328099478,23.734124183654785,1.4565274759190838,0.076953125,0.1403842702257732
oscillator,tau_syn,0.2,PC-EC,0.03273618808942906,0.009606708724246644,0.5990420181760465,0.41172560955190374,0.5850482968813311,0.4118646222212051,0.9987512497113908,0.0007924898217932443,0.9976003627696105,0.0025714489065184875,0.9999743838884516,1.724831975681893e-05,2.320161280080721,0.5479016071408443,1.176,0.014859340496805444,1.1766,0.012553883861180174,0.6,0.5163977794943222,0.04703502477764433,0.014253699878224405,4.8553873164004475,0.3036929747393117,17.61384210586548,0.5188389504180789,0.2875,0.909154827298409
oscillator,tau_syn,0.2,PC-SC,0.03902855344485688,0.017599800706836206,0.6049847121436998,0.4095973304597377,0.5850482968813311,0.4118646222212051,0.9977972819353551,0.002091011117026164,0.9079424421170635,0.2837845216871573,0.9999413404096884,8.511942593381422e-05,2.8180187613027883,1.3207435494147213,1.1705999999999999,0.009736529155710402,1.1724999999999999,0.022984294154438985,0.5,0.5270462766947299,0.05593923553691146,0.025155440910895548,7.117585628099187,0.25989771222718416,23.862175464630127,1.3237371417654464,1.26484375,2.3292271405480456
oscillator,z_clip,0.0,PC-EC,0.028909594586115705,0.008845273060154342,0.589025045066802,0.2510973516202877,0.5710502658065555,0.2600146646062001,0.9953668124043389,0.00338807511139077,0.8110018783770627,0.383774816233522,0.9999409012032394,5.26712106187546e-05,2.3398021075500965,0.5567468878607125,1.6105555555555557,1.574818252300175,2.4111000000000002,3.0063847410321776,0.9,0.31622776601683794,0.040744510387032924,0.012806527779381172,4.694089236000582,0.2682817432899415,16.56950397491455,0.5915357919681844,0.912109375,2.8843431001926425
oscillator,z_clip,0.0,PC-SC,0.03433133192438569,0.01397352751186845,0.5914367269408718,0.252746262920069,0.5710502658065555,0.2600146646062001,0.9945250761212628,0.003097159548705135,0.8060712087412337,0.38144207581160033,0.9999224292612119,7.60463387517973e-05,2.8361399676971564,1.3116191138470972,5.7811666666666675,11.514970350229595,2.3945,2.974045103521091,0.6,0.5163977794943222,0.04807179203363221,0.018537007025147014,6.5280953589997806,0.294583499194087,23.11388816833496,1.2640700478201043,0.7875,2.0397576574187104
oscillator,z_clip,1.0,PC-EC,0.028909594586115705,0.008845273060154342,0.589025045066802,0.2510973516202877,0.5710502658065555,0.2600146646062001,0.9953668124043389,0.00338807511139077,0.8110018783770627,0.383774816233522,0.9999409012032394,5.26712106187546e-05,2.3398021075500965,0.5567468878607125,1.6105555555555557,1.574818252300175,2.4111000000000002,3.0063847410321776,0.9,0.31622776601683794,0.040744510387032924,0.012806527779381172,4.702486336500442,0.2997583847822827,16.581296825408934,0.593960595562098,0.250390625,0.35662087214831234
oscillator,z_clip,1.0,PC-SC,0.03433133192438569,0.01397352751186845,0.5914367269408718,0.252746262920069,0.5710502658065555,0.2600146646062001,0.9945250761212628,0.003097159548705135,0.8060712087412337,0.38144207581160033,0.9999224292612119,7.60463387517973e-05,2.8361399676971564,1.3116191138470972,5.7811666666666675,11.514970350229595,2.3945,2.974045103521091,0.6,0.5163977794943222,0.04807179203363221,0.018537007025147014,6.776602654400631,0.4726751296500465,23.113914585113527,1.2688599905563474,2.23984375,1.1810695431861806
oscillator,z_clip,2.0,PC-EC,0.028909594586115705,0.008845273060154342,0.589025045066802,0.2510973516202877,0.5710502658065555,0.2600146646062001,0.9953668124043389,0.00338807511139077,0.8110018783770627,0.383774816233522,0.9999409012032394,5.26712106187546e-05,2.3398021075500965,0.5567468878607125,1.6105555555555557,1.574818252300175,2.4111000000000002,3.0063847410321776,0.9,0.31622776601683794,0.040744510387032924,0.012806527779381172,4.406047839999519,0.1204159993832657,16.584445190429687,0.5901763181146242,0.972265625,3.0745738656871464
oscillator,z_clip,2.0,PC-SC,0.03433133192438569,0.01397352751186845,0.5914367269408718,0.252746262920069,0.5710502658065555,0.2600146646062001,0.9945250761212628,0.003097159548705135,0.8060712087412337,0.38144207581160033,0.9999224292612119,7.60463387517973e-05,2.8361399676971564,1.3116191138470972,5.7811666666666675,11.514970350229595,2.3945,2.974045103521091,0.6,0.5163977794943222,0.04807179203363221,0.018537007025147014,6.360510401400097,0.2527145778377274,23.10750894546509,1.269812933631175,0.687890625,1.798695531931603
